species_name ,current_name,approximate_match,score,ott_id,is_synonym,flags,number_matches 
arthrocardia wardii,Arthrocardia wardii,FALSE,1,4009501,FALSE,,1
callophyllis rangiferina,Callophyllis rangiferina,FALSE,1,255952,FALSE,,1
camontagnea oxyclada,Camontagnea oxyclada,FALSE,1,934735,FALSE,,1
cheilosporum sagittatum,Jania sagittata,FALSE,1,131849,TRUE,sibling_higher,1
craspedocarpus ramentaceus,Craspedocarpus ramentaceus,FALSE,1,585493,FALSE,,1
cystophora platylobium,Cystophora platylobium,FALSE,1,251284,FALSE,,1
dictyopteris muelleri,Dictyopteris muelleri,FALSE,1,166556,FALSE,,1
durvillaea potatorum,Durvillaea potatorum,FALSE,1,9572,FALSE,,1
erythrymenia minuta,Erythrymenia minuta,FALSE,1,322566,FALSE,,1
euptilota articulata,Euptilota articulata,FALSE,1,419173,FALSE,,1
gigartina muelleriana,Gigartina muelleriana,FALSE,1,905090,FALSE,,1
hemineura frondosa,Hemineura frondosa,FALSE,1,172215,FALSE,,1
lenormandia marginata,Lenormandia marginata,FALSE,1,114855,FALSE,,1
lessonia corrugata,Lessonia corrugata,FALSE,1,232248,FALSE,,1
mastophoropsis canaliculata,Mastophoropsis canaliculata,FALSE,1,1085606,FALSE,,1
melanthalia obtusata,Melanthalia obtusata,FALSE,1,459992,FALSE,,1
perithalia caudata,Perithalia caudata,FALSE,1,395215,FALSE,,1
phacelocarpus peperocarpos,Phacelocarpus peperocarpos,FALSE,1,380212,FALSE,,1
phyllospora comosa,Phyllospora comosa,FALSE,1,740533,FALSE,,1
plocamium dilatatum,Plocamium dilatatum,FALSE,1,518786,FALSE,,1
plocamium patagiatum,Plocamium patagiatum,FALSE,1,403374,FALSE,,1
sargassum vestitum,Sargassum vestitum,FALSE,1,903928,FALSE,sibling_higher,1
zonaria angustata,Zonaria angustata,FALSE,1,262075,FALSE,,1
amphiroa anceps,Amphiroa anceps,FALSE,1,182859,FALSE,sibling_higher,1
carpoglossum confluens,Carpoglossum confluens,FALSE,1,251287,FALSE,,1
champia viridis,Champia viridis,FALSE,1,99914,FALSE,,1
echinothamnion hystrix,Echinothamnion hystrix,FALSE,1,4741015,FALSE,,1
sargassum fallax,Sargassum fallax,FALSE,1,609888,FALSE,sibling_higher,1
sargassum sonderi,Phyllotricha sonderi,FALSE,1,7044,TRUE,,1
cystophora moniliformis,Cystophora moniliformis,FALSE,1,171525,FALSE,,1
dictyomenia tridens,Dictyomenia tridens,FALSE,1,4741000,FALSE,,1
plocamium mertensii,Plocamium mertensii,FALSE,1,998264,FALSE,,1
pollexfenia lobata,Pollexfenia lobata,FALSE,1,4741195,FALSE,,1
thamnoclonium dichotomum,Thamnoclonium dichotomum,FALSE,1,521564,FALSE,,1
acrocarpia paniculata,Acrocarpia paniculata,FALSE,1,316177,FALSE,,1
zonaria spiralis,Zonaria spiralis,FALSE,1,250719,FALSE,,1
apjohnia laetevirens,Apjohnia laetevirens,FALSE,1,901441,FALSE,,1
phyllotricha decipiens,Phyllotricha decipiens,FALSE,1,545391,FALSE,,1
dilophus marginatus,Dilophus marginatus,FALSE,1,825099,FALSE,,3
dictyopteris acrostichoides,Dictyopteris acrostichoides,FALSE,1,2820219,FALSE,,1
pachydictyon paniculatum,Pachydictyon paniculatum,FALSE,1,250723,FALSE,,2
cystophora monilifera,Cystophora monilifera,FALSE,1,171523,FALSE,,1
caulerpa cactoides,Caulerpa cactoides,FALSE,1,197454,FALSE,,1
cystophora expansa,Cystophora expansa,FALSE,1,2820512,FALSE,,1
caulerpa scalpelliformis,Caulerpa scalpelliformis,FALSE,1,449266,FALSE,,1
plocamium preissianum,Plocamium preissianum,FALSE,1,973661,FALSE,,1
lobospira bicuspidata,Lobospira bicuspidata,FALSE,1,549555,FALSE,,1
botryocladia sonderi,Botryocladia sonderi,FALSE,1,430747,FALSE,,1
callophycus dorsifer,Callophycus dorsifer,FALSE,1,4013455,FALSE,,1
callophycus harveyanus,Callophycus harveyanus,FALSE,1,4013454,FALSE,,2
callophycus oppositifolius,Callophycus oppositifolius,FALSE,1,408831,FALSE,,1
caulerpa simpliciuscula,Caulerpa simpliciuscula,FALSE,1,768478,FALSE,,1
caulocystis uvifera,Caulocystis uvifera,FALSE,1,2395,FALSE,,1
claviclonium ovatum,Claviclonium ovatum,FALSE,1,116019,FALSE,,1
curdiea irvineae,Curdiea irvineae,FALSE,1,4010687,FALSE,,1
galaxaura obtusata,Dichotomaria obtusata,FALSE,1,742443,TRUE,,1
hennedya crispa,Hennedya crispa,FALSE,1,91001,FALSE,,1
hypnea ramentacea,Hypnea ramentacea,FALSE,1,741712,FALSE,,2
kuetzingia canaliculata,Kuetzingia canaliculata,FALSE,1,740547,FALSE,,1
metagoniolithon radiatum,Metagoniolithon radiatum,FALSE,1,559061,FALSE,,1
metagoniolithon stelliferum,Metagoniolithon stelliferum,FALSE,1,559058,FALSE,,1
metamastophora flabellata,Metamastophora flabellata,FALSE,1,713325,FALSE,,1
myriodesma quercifolium,Myriodesma quercifolium,FALSE,1,2820931,FALSE,,2
myriodesma serrulatum,Myriodesma serrulatum,FALSE,1,2820890,FALSE,,1
neurymenia fraxinifolia,Neurymenia fraxinifolia,FALSE,1,226702,FALSE,,1
osmundaria spiralis,Osmundaria spiralis,FALSE,1,740551,FALSE,,1
thuretia quercifolia,Thuretia quercifolia,FALSE,1,862992,FALSE,,1
caulerpa obscura,Caulerpa obscura,FALSE,1,768482,FALSE,,1
curdiea obesa,Curdiea obesa,FALSE,1,4010688,FALSE,,1
kallymenia cribrosa,Leiomenia cribrosa,FALSE,1,786295,TRUE,,1
caulerpa longifolia,Caulerpa longifolia,FALSE,1,458249,FALSE,,1
caulocystis cephalornithos,Caulocystis cephalornithos,FALSE,1,825727,FALSE,,1
codium pomoides,Codium pomoides,FALSE,1,4002158,FALSE,,1
phyllotricha varians,Phyllotricha varians,FALSE,1,545321,FALSE,,1
areschougia congesta,Areschougia congesta,FALSE,1,380206,FALSE,,1
cystophora subfarcinata,Cystophora subfarcinata,FALSE,1,2401,FALSE,,1
seirococcus axillaris,Seirococcus axillaris,FALSE,1,9583,FALSE,,1
dictyomenia harveyana,Dictyomenia harveyana,FALSE,1,4740999,FALSE,,1
caulerpa trifaria,Caulerpa trifaria,FALSE,1,458245,FALSE,,1
cystophora retorta,Cystophora retorta,FALSE,1,245450,FALSE,,1
stylophora pistillata,Stylophora pistillata,FALSE,1,713802,FALSE,,1
amblypneustes leucoglobus,Amblypneustes leucoglobus,FALSE,1,187531,FALSE,,1
amblypneustes ovum,Amblypneustes ovum,FALSE,1,187530,FALSE,,1
antedon loveni,Antedon loveni,FALSE,1,339925,FALSE,,2
aphelodoris varia,Aphelodoris varia,FALSE,1,2875755,FALSE,,1
astele armillata,Astele armillata,FALSE,1,2921574,FALSE,,1
astralium tentoriiforme,Astralium tentoriiforme,FALSE,1,2885517,FALSE,,1
astralium tentorium,Astralium tentorium,FALSE,1,1071970,FALSE,,1
bellastraea aurea,Bellastraea aurea,FALSE,1,705785,FALSE,,1
bellastraea squamifera,Bellastraea squamifera,FALSE,1,735146,FALSE,,1
cabestana spengleri,Cabestana spengleri,FALSE,1,221241,FALSE,,1
cenolia tasmaniae,Cenolia tasmaniae,FALSE,1,3647506,FALSE,,1
cenolia trichoptera,Cenolia trichoptera,FALSE,1,962589,FALSE,,1
centrostephanus rodgersii,Centrostephanus rodgersii,FALSE,1,918557,FALSE,,1
centrostephanus tenuispinus,Centrostephanus tenuispinus,FALSE,1,3649494,FALSE,,1
ceratosoma brevicaudatum,Ceratosoma brevicaudatum,FALSE,1,523708,FALSE,,1
chicoreus denudatus,Chicoreus denudatus,FALSE,1,2910670,FALSE,,1
chromodoris westraliensis,Chromodoris westraliensis,FALSE,1,574881,FALSE,,1
clanculus undatus,Clanculus undatus,FALSE,1,2885394,FALSE,,1
conus anemone,Conus anemone,FALSE,1,727359,FALSE,sibling_higher,1
doris chrysoderma,Doris chrysoderma,FALSE,1,2875734,FALSE,,1
echinaster arcystatus,Echinaster arcystatus,FALSE,1,3656065,FALSE,sibling_higher,1
fromia polypora,Fromia polypora,FALSE,1,4147002,FALSE,,1
fusinus australis,Fusinus australis,FALSE,1,2898193,FALSE,sibling_higher,1
goniobranchus tasmaniensis,Goniobranchus tasmaniensis,FALSE,1,691461,FALSE,,1
goniocidaris impressa,Goniocidaris tubaria,FALSE,1,350759,TRUE,sibling_higher,1
goniocidaris tubaria,Goniocidaris tubaria,FALSE,1,350759,FALSE,sibling_higher,1
haliotis laevigata,Haliotis laevigata,FALSE,1,780536,FALSE,,1
haliotis rubra,Haliotis rubra,FALSE,1,695282,FALSE,,1
haliotis scalaris,Haliotis scalaris,FALSE,1,784604,FALSE,,1
heliocidaris erythrogramma,Heliocidaris erythrogramma,FALSE,1,146862,FALSE,,1
holopneustes inflatus,Holopneustes inflatus,FALSE,1,812951,FALSE,,1
holopneustes porosissimus,Holopneustes porosissimus,FALSE,1,812952,FALSE,,1
holopneustes purpurascens,Holopneustes purpurascens,FALSE,1,963382,FALSE,,1
hypselodoris bennetti,Hypselodoris bennetti,FALSE,1,795081,FALSE,,1
lunella torquata,Lunella torquata,FALSE,1,597315,FALSE,,1
lunella undulata,Lunella undulata,FALSE,1,597317,FALSE,,1
melo miltonis,Melo miltonis,FALSE,1,4959337,FALSE,,1
meridiastra gunnii,Meridiastra gunnii,FALSE,1,644991,FALSE,,1
mitra glabra,Mitra glabra,FALSE,1,2906372,FALSE,sibling_higher,2
monoplex parthenopeus,Monoplex parthenopeus,FALSE,1,2890209,FALSE,,1
naxia aurita,Naxia aurita,FALSE,1,4667482,FALSE,sibling_higher,1
nectocarcinus tuberculosus,Nectocarcinus tuberculosus,FALSE,1,2979293,FALSE,,1
nectria macrobrachia,Nectria macrobrachia,FALSE,1,3656354,FALSE,,1
nectria ocellata,Nectria ocellata,FALSE,1,1011704,FALSE,,1
nectria pedicelligera,Nectria pedicelligera,FALSE,1,3656356,FALSE,,1
octopus tetricus,Octopus tetricus,FALSE,1,754416,FALSE,,1
ophidiaster confertus,Ophidiaster confertus,FALSE,1,3656225,FALSE,,1
paguristes frontalis,Paguristes frontalis,FALSE,1,2975539,FALSE,,1
paguristes purpureantennatus,Paguristes purpureantennatus,FALSE,1,2975487,FALSE,,1
pagurus sinuatus,Pagurus sinuatus,FALSE,1,2974943,FALSE,sibling_higher,1
panulirus cygnus,Panulirus cygnus,FALSE,1,180995,FALSE,,1
patelloida alticostata,Patelloida alticostata,FALSE,1,931933,FALSE,,1
penion mandarinus,Penion mandarinus,FALSE,1,5499484,FALSE,,1
pentagonaster duebeni,Pentagonaster duebeni,FALSE,1,885392,FALSE,,1
phasianella australis,Phasianella australis,FALSE,1,683569,FALSE,,1
phasianella ventricosa,Phasianella ventricosa,FALSE,1,683575,FALSE,,1
phasianotrochus eximius,Phasianotrochus eximius,FALSE,1,2884845,FALSE,,1
phyllacanthus irregularis,Phyllacanthus irregularis,FALSE,1,3650579,FALSE,,1
phyllacanthus parvispinus,Phyllacanthus parvispinus,FALSE,1,3650575,FALSE,,1
plectaster decanus,Plectaster decanus,FALSE,1,169353,FALSE,,1
pleuroploca australasia,Australaria australasia,FALSE,1,2898320,TRUE,,1
prionocidaris callista,Prionocidaris callista,FALSE,1,3650611,FALSE,,1
pseudonepanthia troughtoni,Pseudonepanthia troughtoni,FALSE,1,656013,FALSE,,1
pterochelus triformis,Pterochelus triformis,FALSE,1,5722881,FALSE,,1
ranella australasia,Ranella australasia,FALSE,1,2890364,FALSE,,1
stichopus ludwigi,Stichopus ludwigi,FALSE,1,3652092,FALSE,sibling_higher,1
strigopagurus strigimanus,Strigopagurus strigimanus,FALSE,1,2975621,FALSE,,1
tosia australis,Tosia australis,FALSE,1,485458,FALSE,sibling_higher,1
tosia magnifica,Tosia magnifica,FALSE,1,485457,FALSE,sibling_higher,1
turbo imperialis,Turbo imperialis,FALSE,1,2885675,FALSE,sibling_higher,1
turbo jourdani,Turbo jourdani,FALSE,1,58077,FALSE,sibling_higher,1
turbo kenwilliamsi,Turbo kenwilliamsi,FALSE,1,24630,FALSE,sibling_higher,1
turbo militaris,Turbo militaris,FALSE,1,24626,FALSE,sibling_higher,1
uniophora granifera,Uniophora granifera,FALSE,1,485465,FALSE,,2
acanthaluteres brownii,Acanthaluteres brownii,FALSE,1,475595,FALSE,,1
acanthaluteres spilomelanurus,Acanthaluteres spilomelanurus,FALSE,1,3631291,FALSE,,1
acanthaluteres vittiger,Acanthaluteres vittiger,FALSE,1,149954,FALSE,,1
acanthistius ocellatus,Acanthistius ocellatus,FALSE,1,385091,FALSE,,1
acanthopagrus australis,Acanthopagrus australis,FALSE,1,223216,FALSE,,1
achoerodus gouldii,Achoerodus gouldii,FALSE,1,3636639,FALSE,,1
achoerodus viridis,Achoerodus viridis,FALSE,1,372280,FALSE,,1
aetapcus maculatus,Aetapcus maculatus,FALSE,1,255673,FALSE,,1
amphiprion mccullochi,Amphiprion mccullochi,FALSE,1,797745,FALSE,incertae_sedis_inherited,1
anoplocapros amygdaloides,Anoplocapros amygdaloides,FALSE,1,268896,FALSE,,1
anoplocapros inermis,Anoplocapros inermis,FALSE,1,908267,FALSE,,1
anoplocapros lenticularis,Anoplocapros lenticularis,FALSE,1,421135,FALSE,,1
aploactisoma milesii,Aploactisoma milesii,FALSE,1,255675,FALSE,,1
aplodactylus lophodon,Crinodus lophodon,FALSE,1,126949,TRUE,,1
aracana aurita,Aracana aurita,FALSE,1,145257,FALSE,,1
aracana ornata,Aracana ornata,FALSE,1,908260,FALSE,,1
arripis georgianus,Arripis georgianus,FALSE,1,137659,FALSE,,1
aspasmogaster costata,Aspasmogaster costata,FALSE,1,3638663,FALSE,,1
atypichthys strigatus,Atypichthys strigatus,FALSE,1,763929,FALSE,,1
austrolabrus maculatus,Austrolabrus maculatus,FALSE,1,372271,FALSE,,1
bodianus frenchii,Bodianus frenchii,FALSE,1,3636630,FALSE,,1
bovichtus angustifrons,Bovichtus angustifrons,FALSE,1,3635388,FALSE,,1
brachaelurus waddi,Brachaelurus waddi,FALSE,1,274894,FALSE,,1
brachaluteres jacksonianus,Brachaluteres jacksonianus,FALSE,1,333693,FALSE,,1
caesioperca rasor,Caesioperca rasor,FALSE,1,3633964,FALSE,,1
cephaloscyllium laticeps,Cephaloscyllium laticeps,FALSE,1,665161,FALSE,,1
chaetodon guentheri,Chaetodon guentheri,FALSE,1,841129,FALSE,,1
chaetodon tricinctus,Chaetodon tricinctus,FALSE,1,895993,FALSE,,1
chelmonops curiosus,Chelmonops curiosus,FALSE,1,895997,FALSE,,1
chelmonops truncatus,Chelmonops truncatus,FALSE,1,978213,FALSE,,1
chironemus maculosus,Chironemus maculosus,FALSE,1,992571,FALSE,,1
choerodon rubescens,Choerodon rubescens,FALSE,1,45821,FALSE,"extinct_inherited, incertae_sedis",1
chromis klunzingeri,Chromis klunzingeri,FALSE,1,3635479,FALSE,incertae_sedis_inherited,1
chromis nitida,Chromis nitida,FALSE,1,477764,FALSE,incertae_sedis_inherited,1
chromis westaustralis,Chromis westaustralis,FALSE,1,3635494,FALSE,incertae_sedis_inherited,1
cnidoglanis macrocephalus,Cnidoglanis macrocephalus,FALSE,1,701869,FALSE,,1
cochleoceps bicolor,Cochleoceps bicolor,FALSE,1,3638645,FALSE,,1
cochleoceps orientalis,Cochleoceps orientalis,FALSE,1,3638704,FALSE,,1
coris auricularis,Coris auricularis,FALSE,1,919220,FALSE,,1
coris bulbifrons,Coris bulbifrons,FALSE,1,691114,FALSE,,1
cristiceps australis,Cristiceps australis,FALSE,1,936873,FALSE,,1
dactylophora nigricans,Dactylophora nigricans,FALSE,1,355189,FALSE,,1
dicotylichthys punctulatus,Dicotylichthys punctulatus,FALSE,1,3631120,FALSE,,1
dinolestes lewini,Dinolestes lewini,FALSE,1,1036691,FALSE,,1
diodon nicthemerus,Diodon nicthemerus,FALSE,1,3631108,FALSE,,1
dotalabrus alleni,Dotalabrus alleni,FALSE,1,3636765,FALSE,,1
dotalabrus aurantiacus,Dotalabrus aurantiacus,FALSE,1,3636788,FALSE,,1
enneapterygius howensis,Enneapterygius howensis,FALSE,1,3639049,FALSE,,1
enoplosus armatus,Enoplosus armatus,FALSE,1,54499,FALSE,,1
eocallionymus papilio,Synchiropus papilio,FALSE,1,3632757,TRUE,,1
epinephelides armatus,Epinephelides armatus,FALSE,1,3634197,FALSE,,1
epinephelus rivulatus,Epinephelus rivulatus,FALSE,1,781567,FALSE,,1
eubalichthys bucephalus,Eubalichthys bucephalus,FALSE,1,3631310,FALSE,,1
eubalichthys gunnii,Eubalichthys gunnii,FALSE,1,3631284,FALSE,,1
eubalichthys mosaicus,Eubalichthys mosaicus,FALSE,1,820869,FALSE,,1
eupetrichthys angustipes,Eupetrichthys angustipes,FALSE,1,1075250,FALSE,,1
genypterus tigerinus,Genypterus tigerinus,FALSE,1,618744,FALSE,,1
gerres subfasciatus,Gerres subfasciatus,FALSE,1,3635356,FALSE,,1
girella elevata,Girella elevata,FALSE,1,230108,FALSE,,1
girella zebra,Girella zebra,FALSE,1,229219,FALSE,,1
glaucosoma hebraicum,Glaucosoma hebraicum,FALSE,1,24066,FALSE,,1
glyptauchen panduratus,Glyptauchen panduratus,FALSE,1,4137519,FALSE,,1
gnathanacanthus goetzeei,Gnathanacanthus goetzeei,FALSE,1,510266,FALSE,,1
goniistius gibbosus,Cheilodactylus gibbosus,FALSE,1,355182,TRUE,,1
gymnothorax annasona,Gymnothorax annasona,FALSE,1,3643697,FALSE,,1
haletta semifasciata,Haletta semifasciata,FALSE,1,724434,FALSE,,1
halichoeres brownfieldi,Halichoeres brownfieldi,FALSE,1,1015712,FALSE,,1
helcogramma decurrens,Helcogramma decurrens,FALSE,1,3639031,FALSE,,1
heteroclinus johnstoni,Heteroclinus johnstoni,FALSE,1,3639225,FALSE,,1
heteroclinus perspicillatus,Heteroclinus perspicillatus,FALSE,1,3639237,FALSE,,1
heteroclinus roseus,Heteroclinus roseus,FALSE,1,3639238,FALSE,,1
heteroclinus tristis,Heteroclinus tristis,FALSE,1,3639234,FALSE,,1
heteroclinus whiteleggii,Heteroclinus whiteleggii,FALSE,1,3639236,FALSE,,1
heterodontus galeatus,Heterodontus galeatus,FALSE,1,651027,FALSE,,1
heterodontus portusjacksoni,Heterodontus portusjacksoni,FALSE,1,1019118,FALSE,,1
hypnos monopterygius,Hypnos monopterygius,FALSE,1,73020,FALSE,,1
hypoplectrodes annulatus,Hypoplectrodes annulatus,FALSE,1,3634204,FALSE,,1
hypoplectrodes maccullochi,Hypoplectrodes maccullochi,FALSE,1,3634200,FALSE,,1
hypoplectrodes nigroruber,Hypoplectrodes nigroruber,FALSE,1,3634236,FALSE,,1
hyporhamphus australis,Hyporhamphus australis,FALSE,1,1043132,FALSE,,1
istigobius hoesei,Istigobius hoesei,FALSE,1,3637199,FALSE,,1
kyphosus cornelii,Kyphosus cornelii,FALSE,1,3633274,FALSE,,1
labracinus lineatus,Labracinus lineatus,FALSE,1,1068748,FALSE,incertae_sedis_inherited,1
latridopsis forsteri,Latridopsis forsteri,FALSE,1,301379,FALSE,,1
mecaenichthys immaculatus,Mecaenichthys immaculatus,FALSE,1,847673,FALSE,incertae_sedis_inherited,1
meuschenia australis,Meuschenia australis,FALSE,1,149948,FALSE,,1
meuschenia flavolineata,Meuschenia flavolineata,FALSE,1,3631269,FALSE,,1
meuschenia freycineti,Meuschenia freycineti,FALSE,1,3631271,FALSE,,1
meuschenia galii,Meuschenia galii,FALSE,1,3631268,FALSE,,1
meuschenia hippocrepis,Meuschenia hippocrepis,FALSE,1,425104,FALSE,,1
meuschenia trachylepis,Meuschenia trachylepis,FALSE,1,333690,FALSE,,1
meuschenia venusta,Meuschenia venusta,FALSE,1,3631270,FALSE,,1
neatypus obliquus,Neatypus obliquus,FALSE,1,3633296,FALSE,,1
nelusetta ayraud,Nelusetta ayraudi,FALSE,1,333698,TRUE,,1
neoodax balteatus,Neoodax balteatus,FALSE,1,724445,FALSE,,1
neosebastes scorpaenoides,Neosebastes scorpaenoides,FALSE,1,562828,FALSE,,1
notolabrus gymnogenis,Notolabrus gymnogenis,FALSE,1,587415,FALSE,,1
notolabrus parilus,Notolabrus parilus,FALSE,1,992328,FALSE,,1
notolabrus tetricus,Notolabrus tetricus,FALSE,1,992319,FALSE,,1
olisthops cyanomelas,Olisthops cyanomelas,FALSE,1,252108,FALSE,,1
omegophora armilla,Omegophora armilla,FALSE,1,830174,FALSE,,1
ophthalmolepis lineolatus,Ophthalmolepis lineolata,FALSE,1,352255,TRUE,,1
optivus agastos,Optivus agastos,FALSE,1,3642483,FALSE,,1
orectolobus halei,Orectolobus halei,FALSE,1,101591,FALSE,,1
orectolobus maculatus,Orectolobus maculatus,FALSE,1,572746,FALSE,,1
orectolobus ornatus,Orectolobus ornatus,FALSE,1,516310,FALSE,,1
ostorhinchus limenus,Apogon limenus,FALSE,1,3634961,TRUE,sibling_higher,1
ostorhinchus victoriae,Apogon victoriae,FALSE,1,3634872,TRUE,sibling_higher,1
othos dentex,Othos dentex,FALSE,1,3634194,FALSE,,1
parablennius tasmanianus,Parablennius tasmanianus,FALSE,1,656833,FALSE,,1
parapercis haackei,Parapercis haackei,FALSE,1,3635220,FALSE,,1
parapercis ramsayi,Parapercis ramsayi,FALSE,1,450252,FALSE,,1
paraplesiops meleagris,Paraplesiops meleagris,FALSE,1,3633808,FALSE,incertae_sedis_inherited,1
paraplotosus butleri,Paraplotosus butleri,FALSE,1,3622062,FALSE,,1
parapriacanthus elongatus,Parapriacanthus elongatus,FALSE,1,1049922,FALSE,,1
parascyllium ferrugineum,Parascyllium ferrugineum,FALSE,1,3594812,FALSE,,1
parascyllium variolatum,Parascyllium variolatum,FALSE,1,3594814,FALSE,,1
parequula melbournensis,Parequula melbournensis,FALSE,1,1022429,FALSE,,1
parma mccullochi,Parma mccullochi,FALSE,1,3635438,FALSE,incertae_sedis_inherited,1
parma microlepis,Parma microlepis,FALSE,1,628063,FALSE,incertae_sedis_inherited,1
parma occidentalis,Parma occidentalis,FALSE,1,3635442,FALSE,incertae_sedis_inherited,1
parma oligolepis,Parma oligolepis,FALSE,1,323186,FALSE,incertae_sedis_inherited,1
parma unifasciata,Parma unifasciata,FALSE,1,3635435,FALSE,incertae_sedis_inherited,1
parma victoriae,Parma victoriae,FALSE,1,3635436,FALSE,incertae_sedis_inherited,1
pelates sexlineatus,Pelates sexlineatus,FALSE,1,901900,FALSE,,1
pempheris affinis,Pempheris affinis,FALSE,1,3633523,FALSE,,1
pempheris compressa,Pempheris compressa,FALSE,1,3633517,FALSE,,1
pempheris klunzingeri,Pempheris klunzingeri,FALSE,1,3633526,FALSE,,1
pempheris multiradiata,Pempheris multiradiata,FALSE,1,3633528,FALSE,,1
pempheris ornata,Pempheris ornata,FALSE,1,3633515,FALSE,,1
pentaceropsis recurvirostris,Pentaceropsis recurvirostris,FALSE,1,240467,FALSE,,1
pentapodus vitta,Pentapodus vitta,FALSE,1,3633497,FALSE,,1
phyllopteryx taeniolatus,Phyllopteryx taeniolatus,FALSE,1,495940,FALSE,,1
pictilabrus laticlavius,Pictilabrus laticlavius,FALSE,1,877083,FALSE,,1
pictilabrus viridis,Pictilabrus viridis,FALSE,1,3636681,FALSE,,1
plectorhinchus caeruleonothus,Plectorhinchus caeruleonothus,FALSE,1,5860590,FALSE,,1
pomacentrus australis,Pomacentrus australis,FALSE,1,668538,FALSE,incertae_sedis_inherited,1
pomacentrus milleri,Pomacentrus milleri,FALSE,1,668527,FALSE,incertae_sedis_inherited,1
pseudolabrus biserialis,Pseudolabrus biserialis,FALSE,1,587418,FALSE,,1
pseudolabrus guentheri,Pseudolabrus guentheri,FALSE,1,735778,FALSE,,1
pseudolabrus rubicundus,Pseudolabrus rubicundus,FALSE,1,3636556,FALSE,,1
pseudophycis barbata,Pseudophycis barbata,FALSE,1,496445,FALSE,,1
schuettea scalaripinnis,Schuettea scalaripinnis,FALSE,1,339683,FALSE,,1
schuettea woodwardi,Schuettea woodwardi,FALSE,1,3633391,FALSE,,1
scobinichthys granulatus,Scobinichthys granulatus,FALSE,1,1001888,FALSE,,1
scorpaena jacksoniensis,Scorpaena jacksoniensis,FALSE,1,5860561,FALSE,,2
scorpis aequipinnis,Scorpis aequipinnis,FALSE,1,763923,FALSE,,1
scorpis georgiana,Scorpis georgiana,FALSE,1,3633279,FALSE,,1
seriola lalandi,Seriola lalandi,FALSE,1,597848,FALSE,,1
siganus trispilos,Siganus trispilos,FALSE,1,3638932,FALSE,,1
siphamia cephalotes,Siphamia cephalotes,FALSE,1,3635063,FALSE,,1
siphonognathus attenuatus,Siphonognathus attenuatus,FALSE,1,3636853,FALSE,,1
siphonognathus beddomei,Siphonognathus beddomei,FALSE,1,3636850,FALSE,,1
siphonognathus caninis,Siphonognathus caninis,FALSE,1,3636851,FALSE,,1
siphonognathus radiatus,Siphonognathus radiatus,FALSE,1,3636854,FALSE,,1
sphyraena novaehollandiae,Sphyraena novaehollandiae,FALSE,1,3638535,FALSE,incertae_sedis_inherited,1
suezichthys arquatus,Suezichthys arquatus,FALSE,1,3636608,FALSE,,1
suezichthys cyanolaemus,Suezichthys cyanolaemus,FALSE,1,3636607,FALSE,,1
tetractenos glaber,Tetractenos glaber,FALSE,1,484087,FALSE,,1
thalassoma septemfasciatum,Thalassoma septemfasciata,FALSE,1,517512,TRUE,,1
thysanophrys cirronasa,Thysanophrys cirronasa,FALSE,1,391522,FALSE,,1
tilodon sexfasciatus,Tilodon sexfasciatus,FALSE,1,3633300,FALSE,,1
torquigener pleurogramma,Torquigener pleurogramma,FALSE,1,484077,FALSE,,1
trachichthys australis,Trachichthys australis,FALSE,1,3642479,FALSE,,1
trachinops caudimaculatus,Trachinops caudimaculatus,FALSE,1,3633784,FALSE,incertae_sedis_inherited,1
trachinops noarlungae,Trachinops noarlungae,FALSE,1,3633782,FALSE,incertae_sedis_inherited,1
trachinops taeniatus,Trachinops taeniatus,FALSE,1,790155,FALSE,incertae_sedis_inherited,1
trinorfolkia clarkei,Trinorfolkia clarkei,FALSE,1,3639125,FALSE,,1
trinorfolkia cristata,Trinorfolkia cristata,FALSE,1,3639110,FALSE,,1
trygonoptera imitata,Trygonoptera imitata,FALSE,1,25722,FALSE,,1
trygonoptera ovalis,Trygonoptera ovalis,FALSE,1,25743,FALSE,,1
trygonoptera testacea,Trygonoptera testacea,FALSE,1,178594,FALSE,,1
trygonorrhina fasciata,Trygonorrhina fasciata,FALSE,1,463555,FALSE,,1
upeneichthys lineatus,Upeneichthys lineatus,FALSE,1,668293,FALSE,,1
upeneichthys vlamingii,Upeneichthys vlamingii,FALSE,1,582253,FALSE,,1
urolophus cruciatus,Urolophus cruciatus,FALSE,1,836383,FALSE,,1
urolophus gigas,Urolophus gigas,FALSE,1,3594796,FALSE,,1
urolophus kapalensis,Urolophus kapalensis,FALSE,1,178569,FALSE,,1
urolophus paucimaculatus,Urolophus paucimaculatus,FALSE,1,836398,FALSE,,1
vincentia conspersa,Vincentia conspersa,FALSE,1,3635100,FALSE,,1
ballia callitricha,Ballia callitricha,FALSE,1,1037138,FALSE,,1
carpomitra costata,Carpomitra costata,FALSE,1,817791,FALSE,,1
codium lucasii,Codium lucasii,FALSE,1,721351,FALSE,,1
colpomenia sinuosa,Colpomenia sinuosa,FALSE,1,849781,FALSE,,1
cystophora xiphocarpa,Cystophora xiphocarpa,FALSE,1,2820505,FALSE,,1
delisea pulchra,Delisea pulchra,FALSE,1,339333,FALSE,,1
dictyota dichotoma,Dictyota dichotoma,FALSE,1,48622,FALSE,,1
ecklonia radiata,Ecklonia radiata,FALSE,1,690479,FALSE,,1
haliptilon roseum,Jania rosea,FALSE,1,508918,TRUE,sibling_higher,1
halopteris paniculata,Stypocaulon paniculatum,FALSE,1,165191,TRUE,,1
laurencia elata,Laurencia elata,FALSE,1,4012222,FALSE,,1
lobophora variegata,Lobophora variegata (species in subkingdom SAR),FALSE,1,1040152,FALSE,,1
plocamium angustum,Plocamium angustum,FALSE,1,436461,FALSE,,1
plocamium cartilagineum,Plocamium cartilagineum,FALSE,1,880579,FALSE,,1
plocamium leptophyllum,Plocamium leptophyllum,FALSE,1,973662,FALSE,,1
stenogramma interruptum,Stenogramma interruptum,FALSE,1,58340,FALSE,,2
xiphophora chondrophylla,Xiphophora chondrophylla,FALSE,1,996416,FALSE,,1
xiphophora gladiata,Xiphophora gladiata (species in subkingdom SAR),FALSE,1,725616,FALSE,,2
ulva rigida,Ulva rigida,FALSE,1,1036621,FALSE,,1
caulerpa flexilis,Caulerpa flexilis,FALSE,1,197453,FALSE,,1
chaetomorpha coliformis,Chaetomorpha coliformis,FALSE,1,174694,FALSE,,1
synarthrophyton patena,Synarthrophyton patena,FALSE,1,38378,FALSE,,1
caulerpa brownii,Caulerpa brownii,FALSE,1,523075,FALSE,,1
codium australicum,Codium australicum,FALSE,1,4002187,FALSE,,1
asparagopsis armata,Asparagopsis armata,FALSE,1,813598,FALSE,,1
cystophora retroflexa,Cystophora retroflexa,FALSE,1,251279,FALSE,,1
caulerpa geminata,Caulerpa geminata,FALSE,1,45633,FALSE,,2
solieria robusta,Solieria robusta,FALSE,1,934891,FALSE,,1
dictyopteris australis,Dictyopteris australis,FALSE,1,825775,FALSE,,1
pterocladia lucida,Pterocladia lucida,FALSE,1,986510,FALSE,,1
asparagopsis taxiformis,Asparagopsis taxiformis,FALSE,1,176617,FALSE,,1
betaphycus speciosum,Betaphycus speciosus,FALSE,1,359290,TRUE,,1
gloiosaccion brownii,Chrysymenia brownii,FALSE,1,238386,TRUE,,1
halimeda cuneata,Halimeda cuneata,FALSE,1,206713,FALSE,,1
haloplegma preissii,Haloplegma preissii,FALSE,1,4012736,FALSE,,1
hydroclathrus clathratus,Hydroclathrus clathratus,FALSE,1,10948,FALSE,,1
sargassopsis heteromorphum,Sargassopsis heteromorphum,FALSE,1,903925,FALSE,,1
colpomenia peregrina,Colpomenia peregrina,FALSE,1,263978,FALSE,,1
halymenia floresia,Halymenia floresii,FALSE,1,816367,TRUE,,1
laurencia brongniartii,Laurencia brongniartii,FALSE,1,33136,FALSE,,1
macrocystis pyrifera,Macrocystis pyrifera,FALSE,1,753585,FALSE,,1
melanthalia concinna,Melanthalia concinna,FALSE,1,753177,FALSE,,2
porites lichen,Porites lichen,FALSE,1,498701,FALSE,,1
pocillopora damicornis,Pocillopora damicornis,FALSE,1,176783,FALSE,,1
isopora cuneata,Isopora cuneata,FALSE,1,66279,FALSE,,1
agnewia tritoniformis,Agnewia tritoniformis,FALSE,1,653147,FALSE,,1
amblypneustes elevatus,Amblypneustes pachistus,FALSE,1,812946,TRUE,,1
aplysia dactylomela,Aplysia dactylomela,FALSE,1,118917,FALSE,,1
argobuccinum pustulosum,Argobuccinum pustulosum,FALSE,1,2890335,FALSE,,1
astrostole rodolphi,Astrostole rodolphi,FALSE,1,3657127,FALSE,,1
astrostole scabra,Astrostole scabra,FALSE,1,1045256,FALSE,,1
australostichopus mollis,Australostichopus mollis,FALSE,1,366852,FALSE,,1
cabestana tabulata,Cabestana tabulata,FALSE,1,2890319,FALSE,,1
calcinus imperialis,Calcinus imperialis,FALSE,1,164764,FALSE,,1
ceratosoma amoenum,Ceratosoma amoenum,FALSE,1,110592,FALSE,,1
charonia lampas,Charonia lampas,FALSE,1,283873,FALSE,,1
comanthus wahlbergi,Comanthus wahlbergii,FALSE,1,962577,TRUE,,1
coriocella nigra,Coriocella nigra,FALSE,1,492873,FALSE,,1
coscinasterias muricata,Coscinasterias muricata,FALSE,1,845176,FALSE,sibling_higher,1
cronia aurantiaca,Cronia aurantiaca,FALSE,1,53044,FALSE,,1
dardanus crassimanus,Dardanus crassimanus,FALSE,1,2975689,FALSE,,1
dardanus lagopodes,Dardanus lagopodes,FALSE,1,503520,FALSE,,1
diadema savignyi,Diadema savignyi,FALSE,1,395692,FALSE,,1
dicathais orbita,Dicathais orbita,FALSE,1,947608,FALSE,,1
doriprismatica atromarginata,Doriprismatica atromarginata,FALSE,1,5871,FALSE,,1
drupella cornus,Drupella cornus,FALSE,1,265002,FALSE,,1
echinaster luzonicus,Echinaster luzonicus,FALSE,1,3656059,FALSE,sibling_higher,1
echinometra mathaei,Echinometra mathaei,FALSE,1,631180,FALSE,,1
echinostrephus aciculatus,Echinostrephus aciculatus,FALSE,1,868929,FALSE,,1
fromia indica,Fromia indica,FALSE,1,608377,FALSE,,1
goniobranchus splendidus,Goniobranchus splendidus,FALSE,1,614048,FALSE,,1
goniobranchus tinctorius,Goniobranchus tinctorius,FALSE,1,5512146,FALSE,,1
guinusia chabrus,Guinusia chabrus,FALSE,1,331167,FALSE,,1
heliocidaris tuberculata,Heliocidaris tuberculata,FALSE,1,146865,FALSE,,1
holothuria atra,Holothuria atra,FALSE,1,920160,FALSE,sibling_higher,1
holothuria leucospilota,Holothuria leucospilota,FALSE,1,400706,FALSE,sibling_higher,1
holothuria nobilis,Holothuria nobilis,FALSE,1,658420,FALSE,sibling_higher,1
jasus edwardsii,Jasus edwardsii,FALSE,1,557395,FALSE,sibling_higher,1
linckia guildingi,Linckia guildingi,FALSE,1,608373,FALSE,,1
linckia laevigata,Linckia laevigata,FALSE,1,608372,FALSE,,1
mariaglaja inornata,Chelidonura inornata,FALSE,1,1092242,TRUE,sibling_higher,1
nardoa variolata,Nardoa variolata,FALSE,1,3656250,FALSE,,2
nectocarcinus integrifrons,Nectocarcinus integrifrons,FALSE,1,2979256,FALSE,,1
octopus cyanea,Octopus cyanea,FALSE,1,1090968,FALSE,,1
panulirus longipes,Panulirus longipes,FALSE,1,810235,FALSE,,1
petricia vernicina,Petricia vernicina,FALSE,1,845191,FALSE,,1
phlyctenactis tuberculosa,Phlyctenactis tuberculosa,FALSE,1,3674479,FALSE,sibling_higher,1
phyllidiella pustulosa,Phyllidiella pustulosa,FALSE,1,578610,FALSE,,1
pinna bicolor,Pinna bicolor,FALSE,1,444198,FALSE,,1
prothalotia lehmanni,Prothalotia lehmanni,FALSE,1,288652,FALSE,"extinct, incertae_sedis",1
pseudoboletia indiana,Pseudoboletia indiana,FALSE,1,963376,FALSE,,1
pteraeolidia ianthina,Pteraeolidia ianthina,FALSE,1,307563,FALSE,,1
rhynchocinetes serratus,Rhynchocinetes serratus,FALSE,1,2973886,FALSE,,1
sagaminopteron ornatum,Sagaminopteron ornatum,FALSE,1,878761,FALSE,,1
sagmariasus verreauxi,Sagmariasus verreauxi,FALSE,1,505286,FALSE,,1
sassia parkinsonia,Sassia parkinsonia,FALSE,1,2890261,FALSE,sibling_higher,1
scutus antipodes,Scutus antipodes,FALSE,1,750,FALSE,,1
stenopus hispidus,Stenopus hispidus,FALSE,1,279061,FALSE,,1
tambja verconis,Tambja verconis,FALSE,1,610050,FALSE,sibling_higher,1
tectus pyramis,Tectus pyramis,FALSE,1,989636,FALSE,,1
tridacna crocea,Tridacna crocea,FALSE,1,599998,FALSE,,1
tridacna maxima,Tridacna maxima,FALSE,1,599997,FALSE,,1
tridacna squamosa,Tridacna squamosa,FALSE,1,599995,FALSE,,1
turbo argyrostomus,Turbo argyrostomus,FALSE,1,24625,FALSE,sibling_higher,1
umbraculum umbraculum,Umbraculum umbraculum,FALSE,1,823228,FALSE,,1
abudefduf bengalensis,Abudefduf bengalensis,FALSE,1,318931,FALSE,incertae_sedis_inherited,1
abudefduf sexfasciatus,Abudefduf sexfasciatus,FALSE,1,49236,FALSE,incertae_sedis_inherited,1
abudefduf vaigiensis,Abudefduf vaigiensis,FALSE,1,1053067,FALSE,incertae_sedis_inherited,1
acanthistius cinctus,Acanthistius cinctus,FALSE,1,3634015,FALSE,,1
acanthurus dussumieri,Acanthurus dussumieri,FALSE,1,1035642,FALSE,,1
acanthurus grammoptilus,Acanthurus grammoptilus,FALSE,1,4948807,FALSE,,1
acanthurus nigrofuscus,Acanthurus nigrofuscus,FALSE,1,605289,FALSE,,1
acanthurus olivaceus,Acanthurus olivaceus,FALSE,1,1035648,FALSE,,1
acanthurus triostegus,Acanthurus triostegus,FALSE,1,467300,FALSE,,1
amblygobius phalaena,Amblygobius phalaena,FALSE,1,617146,FALSE,,1
amphichaetodon howensis,Amphichaetodon howensis,FALSE,1,875939,FALSE,,1
anampses caeruleopunctatus,Anampses caeruleopunctatus,FALSE,1,372276,FALSE,,1
anampses elegans,Anampses elegans,FALSE,1,428560,FALSE,,1
anampses femininus,Anampses femininus,FALSE,1,914681,FALSE,,1
anampses geographicus,Anampses geographicus,FALSE,1,398739,FALSE,,1
anampses meleagrides,Anampses meleagrides,FALSE,1,714748,FALSE,,1
anampses neoguinaicus,Anampses neoguinaicus,FALSE,1,372273,FALSE,,1
aplodactylus arctidens,Aplodactylus arctidens,FALSE,1,1095751,FALSE,,1
aplodactylus etheridgii,Aplodactylus etheridgii,FALSE,1,126948,FALSE,,1
arothron hispidus,Arothron hispidus,FALSE,1,95349,FALSE,,1
arripis trutta,Arripis trutta,FALSE,1,652351,FALSE,,1
aspidontus dussumieri,Aspidontus dussumieri,FALSE,1,201336,FALSE,,1
aspidontus taeniatus,Aspidontus taeniatus,FALSE,1,179246,FALSE,,1
atrosalarias holomelas,Atrosalarias holomelas,FALSE,1,3639384,FALSE,,1
atypichthys latus,Atypichthys latus,FALSE,1,875935,FALSE,,1
aulostomus chinensis,Aulostomus chinensis,FALSE,1,231974,FALSE,incertae_sedis_inherited,1
bathytoshia brevicaudata,Dasyatis brevicaudata,FALSE,1,178571,TRUE,sibling_higher,1
bathytoshia lata,Dasyatis lata,FALSE,1,917251,TRUE,sibling_higher,1
bodianus axillaris,Bodianus axillaris,FALSE,1,548889,FALSE,,1
caesio caerulaurea,Caesio caerulaurea,FALSE,1,225244,FALSE,,1
caesioperca lepidoptera,Caesioperca lepidoptera,FALSE,1,227390,FALSE,,1
cantherhines dumerilii,Cantherhines dumerilii,FALSE,1,959200,FALSE,,1
cantherhines pardalis,Cantherhines pardalis,FALSE,1,99188,FALSE,,1
canthigaster callisterna,Canthigaster callisterna,FALSE,1,3631132,FALSE,,1
canthigaster valentini,Canthigaster valentini,FALSE,1,701127,FALSE,,1
carangoides orthogrammus,Carangoides orthogrammus,FALSE,1,214718,FALSE,,1
carcharhinus galapagensis,Carcharhinus galapagensis,FALSE,1,378287,FALSE,,1
centropyge tibicen,Centropyge tibicen,FALSE,1,81565,FALSE,,1
cephalopholis miniata,Cephalopholis miniata,FALSE,1,1038860,FALSE,,1
chaetodon assarius,Chaetodon assarius,FALSE,1,3633191,FALSE,,1
chaetodon aureofasciatus,Chaetodon aureofasciatus,FALSE,1,429674,FALSE,,1
chaetodon auriga,Chaetodon auriga,FALSE,1,766703,FALSE,,1
chaetodon citrinellus,Chaetodon citrinellus,FALSE,1,429677,FALSE,,1
chaetodon flavirostris,Chaetodon flavirostris,FALSE,1,239509,FALSE,,1
chaetodon kleinii,Chaetodon kleinii,FALSE,1,955790,FALSE,,1
chaetodon lineolatus,Chaetodon lineolatus,FALSE,1,239498,FALSE,,1
chaetodon lunula,Chaetodon lunula,FALSE,1,955784,FALSE,,1
chaetodon lunulatus,Chaetodon lunulatus,FALSE,1,1044083,FALSE,,2
chaetodon melannotus,Chaetodon melannotus,FALSE,1,955781,FALSE,,1
chaetodon mertensii,Chaetodon mertensii,FALSE,1,600498,FALSE,,1
chaetodon pelewensis,Chaetodon pelewensis,FALSE,1,243292,FALSE,,1
chaetodon plebeius,Chaetodon plebeius,FALSE,1,655888,FALSE,,1
chaetodon speculum,Chaetodon speculum,FALSE,1,655892,FALSE,,1
chaetodon trifascialis,Chaetodon trifascialis,FALSE,1,655901,FALSE,,1
chaetodon unimaculatus,Chaetodon unimaculatus,FALSE,1,1044089,FALSE,,1
chaetodon vagabundus,Chaetodon vagabundus,FALSE,1,655872,FALSE,,1
cheilinus chlorourus,Cheilinus chlorourus,FALSE,1,398742,FALSE,,1
cheilinus trilobatus,Cheilinus trilobatus,FALSE,1,924675,FALSE,,1
cheilio inermis,Cheilio inermis,FALSE,1,447596,FALSE,,1
cheilodipterus macrodon,Cheilodipterus macrodon,FALSE,1,965176,FALSE,,1
cheilodipterus quinquelineatus,Cheilodipterus quinquelineatus,FALSE,1,364614,FALSE,,1
chironemus marmoratus,Chironemus marmoratus,FALSE,1,911505,FALSE,,1
chlorurus microrhinos,Chlorurus microrhinos,FALSE,1,419736,FALSE,,1
chlorurus sordidus,Chlorurus sordidus,FALSE,1,436737,FALSE,,1
chromis atripectoralis,Chromis atripectoralis,FALSE,1,741423,FALSE,incertae_sedis_inherited,1
chromis hypsilepis,Chromis hypsilepis,FALSE,1,3635519,FALSE,incertae_sedis_inherited,1
chromis kennensis,Chromis flavomaculata,FALSE,1,318936,TRUE,incertae_sedis_inherited,1
chromis viridis,Chromis viridis,FALSE,1,674650,FALSE,incertae_sedis_inherited,1
chromis weberi,Chromis weberi,FALSE,1,809315,FALSE,incertae_sedis_inherited,1
chrysiptera flavipinnis,Chrysiptera flavipinnis,FALSE,1,3635470,FALSE,incertae_sedis_inherited,1
chrysiptera notialis,Chrysiptera notialis,FALSE,1,3635472,FALSE,incertae_sedis_inherited,1
cirrhilabrus punctatus,Cirrhilabrus punctatus,FALSE,1,821881,FALSE,,1
cirrhitichthys aprinus,Cirrhitichthys aprinus,FALSE,1,627334,FALSE,,1
cirrhitichthys falco,Cirrhitichthys falco,FALSE,1,861025,FALSE,,1
cirripectes alboapicalis,Cirripectes alboapicalis,FALSE,1,3639428,FALSE,,1
cirripectes chelomatus,Cirripectes chelomatus,FALSE,1,3639423,FALSE,,1
cirripectes filamentosus,Cirripectes filamentosus,FALSE,1,621243,FALSE,,1
cirripectes hutchinsi,Cirripectes hutchinsi,FALSE,1,3639419,FALSE,,1
cirripectes stigmaticus,Cirripectes stigmaticus,FALSE,1,621224,FALSE,,1
conger verreauxi,Conger verreauxi,FALSE,1,618733,FALSE,,1
coris aygula,Coris aygula,FALSE,1,713303,FALSE,,1
coris dorsomacula,Coris dorsomacula,FALSE,1,439174,FALSE,,1
coris picta,Coris picta,FALSE,1,762179,FALSE,,1
coris sandeyeri,Coris sandeyeri,FALSE,1,3636529,FALSE,,1
cristiceps aurantiacus,Cristiceps aurantiacus,FALSE,1,3639205,FALSE,,1
ctenochaetus binotatus,Ctenochaetus binotatus,FALSE,1,250276,FALSE,,1
ctenochaetus striatus,Ctenochaetus striatus,FALSE,1,467303,FALSE,,1
dascyllus aruanus,Dascyllus aruanus,FALSE,1,49239,FALSE,incertae_sedis_inherited,1
dascyllus reticulatus,Dascyllus reticulatus,FALSE,1,622075,FALSE,incertae_sedis_inherited,1
dascyllus trimaculatus,Dascyllus trimaculatus,FALSE,1,312258,FALSE,incertae_sedis_inherited,1
dendrochirus zebra,Dendrochirus zebra,FALSE,1,1013556,FALSE,,1
diodon hystrix,Diodon hystrix,FALSE,1,177748,FALSE,,1
dischistodus prosopotaenia,Dischistodus prosopotaenia,FALSE,1,858443,FALSE,incertae_sedis_inherited,1
ecsenius bicolor,Ecsenius bicolor,FALSE,1,13624,FALSE,,1
ecsenius yaeyamaensis,Ecsenius yaeyamaensis,FALSE,1,3639495,FALSE,,1
enchelycore ramosa,Enchelycore ramosa,FALSE,1,3643639,FALSE,,1
enneapterygius atrogulare,Enneapterygius atrogulare,FALSE,1,3639096,FALSE,,1
enneapterygius rufopileus,Enneapterygius rufopileus,FALSE,1,3639075,FALSE,,1
epibulus insidiator,Epibulus insidiator,FALSE,1,120301,FALSE,,1
epinephelus daemelii,Epinephelus daemelii,FALSE,1,594096,FALSE,,1
epinephelus fasciatus,Epinephelus fasciatus,FALSE,1,534146,FALSE,,1
eviota hoesei,Eviota hoesei,FALSE,1,3637370,FALSE,,1
eviota teresae,Eviota teresae,FALSE,1,7062745,FALSE,,1
fistularia commersonii,Fistularia commersonii,FALSE,1,105916,FALSE,incertae_sedis_inherited,1
forcipiger flavissimus,Forcipiger flavissimus,FALSE,1,403161,FALSE,,1
forsterygion varium,Forsterygion varium,FALSE,1,674609,FALSE,,1
fusigobius duospilus,Fusigobius duospilus,FALSE,1,28071,FALSE,,1
fusigobius neophytus,Fusigobius neophytus,FALSE,1,267503,FALSE,,1
girella cyanea,Girella cyanea,FALSE,1,3633259,FALSE,,1
girella tricuspidata,Girella tricuspidata,FALSE,1,230111,FALSE,,1
gnatholepis anjerensis,Gnatholepis anjerensis,FALSE,1,839770,FALSE,,1
gnatholepis cauerensis,Gnatholepis cauerensis,FALSE,1,282700,FALSE,,1
gobiodon citrinus,Gobiodon citrinus,FALSE,1,458077,FALSE,,1
gobiodon histrio,Gobiodon histrio,FALSE,1,267494,FALSE,,1
gobiodon quinquestrigatus,Gobiodon quinquestrigatus,FALSE,1,530548,FALSE,,1
gomphosus varius,Gomphosus varius,FALSE,1,358606,FALSE,,1
goniistius vestitus,Cheilodactylus vestitus,FALSE,1,1095747,TRUE,,1
gymnothorax eurostus,Gymnothorax eurostus,FALSE,1,143784,FALSE,,1
gymnothorax meleagris,Gymnothorax meleagris,FALSE,1,143756,FALSE,,1
gymnothorax prasinus,Gymnothorax prasinus,FALSE,1,630756,FALSE,,1
gymnothorax thrysoideus,Gymnothorax thyrsoideus,FALSE,1,490737,TRUE,,1
halichoeres hartzfeldii,Halichoeres hartzfeldii,FALSE,1,694386,FALSE,,1
halichoeres hortulanus,Halichoeres hortulanus,FALSE,1,694390,FALSE,,1
halichoeres margaritaceus,Halichoeres margaritaceus,FALSE,1,694405,FALSE,,1
halichoeres marginatus,Halichoeres marginatus,FALSE,1,694408,FALSE,,1
halichoeres nebulosus,Halichoeres nebulosus,FALSE,1,1015709,FALSE,,1
halichoeres trimaculatus,Halichoeres trimaculatus,FALSE,1,942026,FALSE,,1
hemigymnus fasciatus,Hemigymnus fasciatus,FALSE,1,924674,FALSE,,2
hemigymnus melapterus,Hemigymnus melapterus,FALSE,1,302368,FALSE,,1
heniochus acuminatus,Heniochus acuminatus,FALSE,1,176206,FALSE,,1
heteropriacanthus cruentatus,Heteropriacanthus cruentatus,FALSE,1,314495,FALSE,,1
heteroscarus acroptilus,Heteroscarus acroptilus,FALSE,1,252117,FALSE,,1
hipposcarus longiceps,Hipposcarus longiceps,FALSE,1,465039,FALSE,,1
hologymnosus annulatus,Hologymnosus annulatus,FALSE,1,445355,FALSE,,1
istigobius decoratus,Istigobius decoratus,FALSE,1,17363,FALSE,,1
istigobius rigilius,Istigobius rigilius,FALSE,1,99401,FALSE,,1
kyphosus bigibbus,Kyphosus bigibbus,FALSE,1,839479,FALSE,,1
kyphosus sectatrix,Kyphosus sectatrix,FALSE,1,27919,FALSE,,1
kyphosus sydneyanus,Kyphosus sydneyanus,FALSE,1,3633268,FALSE,,1
kyphosus vaigiensis,Kyphosus vaigiensis,FALSE,1,20442,FALSE,,1
labrichthys unilineatus,Labrichthys unilineatus,FALSE,1,302371,FALSE,,1
labroides bicolor,Labroides bicolor,FALSE,1,302374,FALSE,,1
labroides dimidiatus,Labroides dimidiatus,FALSE,1,302377,FALSE,,1
latropiscis purpurissatus,Latropiscis purpurissatus,FALSE,1,476223,FALSE,,1
leptojulis cyanopleura,Leptojulis cyanopleura,FALSE,1,552129,FALSE,,1
lethrinus atkinsoni,Lethrinus atkinsoni,FALSE,1,544818,FALSE,,1
lethrinus nebulosus,Lethrinus nebulosus,FALSE,1,850597,FALSE,,1
limnichthys fasciatus,Limnichthys fasciatus,FALSE,1,612519,FALSE,,1
lotella rhacina,Lotella rhacina,FALSE,1,545144,FALSE,,1
lutjanus bohar,Lutjanus bohar,FALSE,1,333352,FALSE,,1
lutjanus carponotatus,Lutjanus carponotatus,FALSE,1,333348,FALSE,,1
lutjanus fulviflamma,Lutjanus fulviflamma,FALSE,1,616721,FALSE,,1
macropharyngodon meleagris,Macropharyngodon meleagris,FALSE,1,552117,FALSE,,1
macropharyngodon negrosensis,Macropharyngodon negrosensis,FALSE,1,439164,FALSE,,1
macropharyngodon ornatus,Macropharyngodon ornatus,FALSE,1,714751,FALSE,,1
meiacanthus grammistes,Meiacanthus grammistes,FALSE,1,459849,FALSE,,1
meuschenia scaber,Meuschenia scaber,FALSE,1,149951,FALSE,,1
microcanthus joyceae,Microcanthus strigatus,FALSE,1,188292,TRUE,,1
monacanthus chinensis,Monacanthus chinensis,FALSE,1,425101,FALSE,,1
monodactylus argenteus,Monodactylus argenteus,FALSE,1,763919,FALSE,,1
mulloidichthys flavolineatus,Mulloidichthys flavolineatus,FALSE,1,234770,FALSE,,1
mulloidichthys vanicolensis,Mulloidichthys vanicolensis,FALSE,1,314503,FALSE,,1
myliobatis australis,Myliobatis australis,FALSE,1,261767,FALSE,,1
naso brevirostris,Naso brevirostris,FALSE,1,1035654,FALSE,,1
naso unicornis,Naso unicornis,FALSE,1,47509,FALSE,,1
nemadactylus douglasii,Nemadactylus douglasii,FALSE,1,880047,FALSE,,1
nemadactylus macropterus,Nemadactylus macropterus,FALSE,1,880050,FALSE,,1
neoglyphidodon melas,Neoglyphidodon melas,FALSE,1,778858,FALSE,incertae_sedis_inherited,1
neoglyphidodon polyacanthus,Neoglyphidodon polyacanthus,FALSE,1,323192,FALSE,incertae_sedis_inherited,1
notocirrhitus splendens,Notocirrhitus splendens,FALSE,1,930707,FALSE,,1
notolabrus fucicola,Notolabrus fucicola,FALSE,1,149945,FALSE,,1
notolabrus inscriptus,Notolabrus inscriptus,FALSE,1,3636573,FALSE,,1
ostorhinchus aureus,Ostorhinchus aureus,FALSE,1,309359,FALSE,,1
ostorhinchus cyanosoma,Ostorhinchus cyanosoma,FALSE,1,638185,FALSE,,1
ostorhinchus doederleini,Ostorhinchus doederleini,FALSE,1,687634,FALSE,,1
ostorhinchus flavus,Apogon flavus,FALSE,1,3634892,TRUE,sibling_higher,1
ostorhinchus norfolcensis,Apogon norfolcensis,FALSE,1,981489,TRUE,incertae_sedis,1
ostorhinchus properuptus,Ostorhinchus properuptus,FALSE,1,638181,FALSE,,1
ostorhinchus wassinki,Ostorhinchus wassinki,FALSE,1,5342911,FALSE,,1
ostracion cubicus,Ostracion cubicus,FALSE,1,350980,FALSE,,1
ostracion meleagris,Ostracion meleagris,FALSE,1,314508,FALSE,,1
oxymonacanthus longirostris,Oxymonacanthus longirostris,FALSE,1,333706,FALSE,,1
pagrus auratus,Pagrus auratus,FALSE,1,554560,FALSE,,2
paracaesio xanthura,Paracaesio xanthura,FALSE,1,120404,FALSE,,1
paracirrhites forsteri,Paracirrhites forsteri,FALSE,1,1025617,FALSE,,1
parapercis clathrata,Parapercis clathrata,FALSE,1,507739,FALSE,,1
parma polylepis,Parma polylepis,FALSE,1,3635441,FALSE,incertae_sedis_inherited,1
parupeneus barberinoides,Parupeneus barberinoides,FALSE,1,758968,FALSE,,1
parupeneus chrysopleuron,Parupeneus chrysopleuron,FALSE,1,3633428,FALSE,,1
parupeneus ciliatus,Parupeneus ciliatus,FALSE,1,747927,FALSE,,1
parupeneus cyclostomus,Parupeneus cyclostomus,FALSE,1,759002,FALSE,,1
parupeneus indicus,Parupeneus indicus,FALSE,1,160649,FALSE,,1
parupeneus multifasciatus,Parupeneus multifasciatus,FALSE,1,295485,FALSE,,1
parupeneus pleurostigma,Parupeneus pleurostigma,FALSE,1,188724,FALSE,,1
parupeneus spilurus,Parupeneus spilurus,FALSE,1,234781,FALSE,,1
pempheris analis,Pempheris analis,FALSE,1,3633513,FALSE,,1
pempheris oualensis,Pempheris oualensis,FALSE,1,1032446,FALSE,,1
pervagor janthinosoma,Pervagor janthinosoma,FALSE,1,425111,FALSE,,1
petroscirtes fallax,Petroscirtes fallax,FALSE,1,3639586,FALSE,,1
plagiotremus rhinorhynchos,Plagiotremus rhinorhynchos,FALSE,1,848614,FALSE,,1
plagiotremus tapeinosoma,Plagiotremus tapeinosoma,FALSE,1,324197,FALSE,,1
plectorhinchus flavomaculatus,Plectorhinchus flavomaculatus,FALSE,1,636089,FALSE,,1
plectorhinchus picus,Plectorhinchus picus,FALSE,1,759010,FALSE,,1
plectroglyphidodon dickii,Plectroglyphidodon dickii,FALSE,1,1045539,FALSE,incertae_sedis_inherited,1
plectroglyphidodon johnstonianus,Plectroglyphidodon johnstonianus,FALSE,1,919431,FALSE,incertae_sedis_inherited,1
plectropomus leopardus,Plectropomus leopardus,FALSE,1,585591,FALSE,,1
plotosus lineatus,Plotosus lineatus,FALSE,1,949069,FALSE,,1
pomacanthus semicirculatus,Pomacanthus semicirculatus,FALSE,1,133815,FALSE,,1
pomacanthus sexstriatus,Pomacanthus sexstriatus,FALSE,1,133827,FALSE,,1
pomacentrus bankanensis,Pomacentrus bankanensis,FALSE,1,622067,FALSE,incertae_sedis_inherited,1
pomacentrus coelestis,Pomacentrus coelestis,FALSE,1,622060,FALSE,incertae_sedis_inherited,1
pomacentrus moluccensis,Pomacentrus moluccensis,FALSE,1,622057,FALSE,incertae_sedis_inherited,1
pomacentrus vaiuli,Pomacentrus vaiuli,FALSE,1,323178,FALSE,incertae_sedis_inherited,1
prionurus maculatus,Prionurus maculatus,FALSE,1,773219,FALSE,,1
prionurus microlepidotus,Prionurus microlepidotus,FALSE,1,467286,FALSE,,1
psammoperca waigiensis,Psammoperca waigiensis,FALSE,1,1086079,FALSE,incertae_sedis_inherited,1
pseudanthias squamipinnis,Pseudanthias squamipinnis,FALSE,1,26905,FALSE,,1
pseudocaranx dentex,Pseudocaranx dentex,FALSE,1,713954,FALSE,,1
pseudocaranx georgianus,Pseudocaranx georgianus,FALSE,1,4948968,FALSE,,2
pseudocheilinus hexataenia,Pseudocheilinus hexataenia,FALSE,1,712600,FALSE,,1
pseudochromis fuscus,Pseudochromis fuscus,FALSE,1,1030717,FALSE,incertae_sedis_inherited,1
pseudolabrus luculentus,Pseudolabrus luculentus,FALSE,1,3636557,FALSE,,1
pseudophycis bachus,Pseudophycis bachus,FALSE,1,292360,FALSE,,1
ptereleotris evides,Ptereleotris evides,FALSE,1,244387,FALSE,,1
ptereleotris monoptera,Ptereleotris monoptera,FALSE,1,474276,FALSE,,1
pterocaesio digramma,Pterocaesio digramma,FALSE,1,871965,FALSE,,1
pterois volitans,Pterois volitans,FALSE,1,1075153,FALSE,,1
pycnochromis vanderbilti,Chromis vanderbilti,FALSE,1,393610,TRUE,incertae_sedis_inherited,1
rhabdosargus sarba,Rhabdosargus sarba,FALSE,1,276179,FALSE,,1
salarias fasciatus,Salarias fasciatus,FALSE,1,938557,FALSE,,1
sargocentron rubrum,Sargocentron rubrum,FALSE,1,837700,FALSE,,1
saurida nebulosa,Saurida nebulosa,FALSE,1,927034,FALSE,,1
scarus altipinnis,Scarus altipinnis,FALSE,1,419741,FALSE,,1
scarus chameleon,Scarus chameleon,FALSE,1,904230,FALSE,,1
scarus frenatus,Scarus frenatus,FALSE,1,436725,FALSE,,1
scarus ghobban,Scarus ghobban,FALSE,1,548878,FALSE,,1
scarus oviceps,Scarus oviceps,FALSE,1,548886,FALSE,,1
scarus prasiognathos,Scarus prasiognathos,FALSE,1,904247,FALSE,,1
scarus psittacus,Scarus psittacus,FALSE,1,514872,FALSE,,1
scarus rivulatus,Scarus rivulatus,FALSE,1,514875,FALSE,,2
scarus schlegeli,Scarus schlegeli,FALSE,1,514881,FALSE,,1
scolopsis bilineata,Scolopsis bilineata,FALSE,1,463069,FALSE,,1
scomber australasicus,Scomber australasicus,FALSE,1,987399,FALSE,,1
scorpaena cardinalis,Scorpaena cardinalis,FALSE,1,1089242,FALSE,,1
scorpaena papillosa,Scorpaena papillosa,FALSE,1,3632408,FALSE,,1
scorpaenodes evides,Scorpaenodes evides,FALSE,1,3632452,FALSE,,1
scorpis lineolata,Scorpis lineolata,FALSE,1,188307,FALSE,,1
seriola hippos,Seriola hippos,FALSE,1,752862,FALSE,,1
siganus argenteus,Siganus argenteus,FALSE,1,1069631,FALSE,,1
siganus fuscescens,Siganus fuscescens,FALSE,1,927037,FALSE,,1
siganus virgatus,Siganus virgatus,FALSE,1,927062,FALSE,,1
sphyraena obtusata,Sphyraena obtusata,FALSE,1,219426,FALSE,incertae_sedis_inherited,1
stanulus talboti,Stanulus talboti,FALSE,1,3639542,FALSE,,1
stegastes gascoynei,Stegastes gascoynei,FALSE,1,732815,FALSE,incertae_sedis_inherited,1
stegastes nigricans,Stegastes nigricans,FALSE,1,392,FALSE,incertae_sedis_inherited,1
stegastes obreptus,Stegastes obreptus,FALSE,1,519101,FALSE,incertae_sedis_inherited,1
stethojulis bandanensis,Stethojulis bandanensis,FALSE,1,201174,FALSE,,1
stethojulis interrupta,Stethojulis interrupta,FALSE,1,1075245,FALSE,,1
stethojulis strigiventer,Stethojulis strigiventer,FALSE,1,443956,FALSE,,1
sufflamen chrysopterum,Sufflamen chrysopterum,FALSE,1,107042,FALSE,,1
sufflamen fraenatum,Sufflamen fraenatum,FALSE,1,137063,FALSE,,1
synodus dermatogenys,Synodus dermatogenys,FALSE,1,569607,FALSE,,1
synodus jaculum,Synodus jaculum,FALSE,1,232008,FALSE,,1
synodus variegatus,Synodus variegatus,FALSE,1,252111,FALSE,,1
thalassoma amblycephalum,Thalassoma amblycephalum,FALSE,1,467217,FALSE,,1
thalassoma hardwicke,Thalassoma hardwicke,FALSE,1,102998,FALSE,,1
thalassoma lunare,Thalassoma lunare,FALSE,1,948286,FALSE,,1
thalassoma lutescens,Thalassoma lutescens,FALSE,1,1094751,FALSE,,1
thalassoma nigrofasciatum,Thalassoma nigrofasciatum,FALSE,1,3636729,FALSE,,1
thalassoma purpureum,Thalassoma purpureum,FALSE,1,948287,FALSE,,1
thalassoma quinquevittatum,Thalassoma quinquevittatum,FALSE,1,948288,FALSE,,1
thalassoma trilobatum,Thalassoma trilobatum,FALSE,1,517511,FALSE,,1
trachurus declivis,Trachurus declivis,FALSE,1,315503,FALSE,,1
trachurus novaezelandiae,Trachurus novaezelandiae,FALSE,1,315512,FALSE,,1
trachypoma macracanthus,Trachypoma macracanthus,FALSE,1,3634185,FALSE,,1
valenciennea strigata,Valenciennea strigata,FALSE,1,819087,FALSE,,1
zanclus cornutus,Zanclus cornutus,FALSE,1,199070,FALSE,,1
zebrasoma scopas,Zebrasoma scopas,FALSE,1,199073,FALSE,,1
zebrasoma velifer,Zebrasoma velifer,FALSE,1,3638940,FALSE,,1
